<TRACE LABEL="10min Log"><STATISTIC TIME="02.06.2025 23:54:00,484" DATE="02.06.2025"><PRODUCTION INVERTER="GMODE1" KWH_OVERALL="0.0" KWH_LastDay="0.0"/><PRODUCTION INVERTER="GMODE2" KWH_OVERALL="13015582.050" KWH_LastDay="491.154"/><CONSUM KWH_OVERALL="12314.371" KWH_LastDay="24.001"/><REACTIVEPOWER SIGNP="PLUS" SIGNQ="PLUS" KVAH_OVERALL="107725.761" KVAH_LastDay="9.000"/><REACTIVEPOWER SIGNP="PLUS" SIGNQ="MINUS" KVAH_OVERALL="0.0" KVAH_LastDay="0.0"/><REACTIVEPOWER SIGNP="MINUS" SIGNQ="PLUS" KVAH_OVERALL="156.046" KVAH_LastDay="1.000"/><REACTIVEPOWER SIGNP="MINUS" SIGNQ="MINUS" KVAH_OVERALL="0.0" KVAH_LastDay="0.0"/><GRID_OK TIMEALLDAY="36052:50:46" TIMELASTDAY="23:07:36" COUNTALLDAY="0" COUNTLASTDAY="0"/><OPERATION MODE="1" LABEL="Bremsmodus 50" TIMEALLDAY="0:02:00" TIMELASTDAY="0:00:00" COUNTALLDAY="1" COUNTLASTDAY="0"/><OPERATION MODE="2" LABEL="Bremsmodus 51" TIMEALLDAY="231:02:32" TIMELASTDAY="0:14:25" COUNTALLDAY="1203" COUNTLASTDAY="1"/><OPERATION MODE="3" LABEL="Bremsmodus 199" TIMEALLDAY="99:02:28" TIMELASTDAY="0:00:00" COUNTALLDAY="571" COUNTLASTDAY="0"/><OPERATION MODE="4" LABEL="Bremsmodus 200" TIMEALLDAY="631:54:39" TIMELASTDAY="0:00:00" COUNTALLDAY="698" COUNTLASTDAY="0"/><OPERATION MODE="5" LABEL="Bremsmodus 210" TIMEALLDAY="0:00:00" TIMELASTDAY="0:00:00" COUNTALLDAY="0" COUNTLASTDAY="0"/><OPERATION MODE="6" LABEL="Vorwaermmodus" TIMEALLDAY="0:00:00" TIMELASTDAY="0:00:00" COUNTALLDAY="0" COUNTLASTDAY="0"/><OPERATION MODE="7" LABEL="Systemtest 1" TIMEALLDAY="0:07:26" TIMELASTDAY="0:00:00" COUNTALLDAY="444" COUNTLASTDAY="0"/><OPERATION MODE="8" LABEL="Systemtest 2" TIMEALLDAY="0:36:26" TIMELASTDAY="0:00:00" COUNTALLDAY="443" COUNTLASTDAY="0"/><OPERATION MODE="9" LABEL="Systemtest 4" TIMEALLDAY="2:01:28" TIMELASTDAY="0:00:00" COUNTALLDAY="48" COUNTLASTDAY="0"/><OPERATION MODE="10" LABEL="Systemtest 5" TIMEALLDAY="2:10:48" TIMELASTDAY="0:00:00" COUNTALLDAY="46" COUNTLASTDAY="0"/><OPERATION MODE="11" LABEL="Systemtest 6" TIMEALLDAY="1:57:23" TIMELASTDAY="0:00:00" COUNTALLDAY="46" COUNTLASTDAY="0"/><OPERATION MODE="12" LABEL="Systemtest 3" TIMEALLDAY="0:00:00" TIMELASTDAY="0:00:00" COUNTALLDAY="6" COUNTLASTDAY="0"/><OPERATION MODE="13" LABEL="Trudelbetrieb Turmresonanz" TIMEALLDAY="532:11:28" TIMELASTDAY="0:40:07" COUNTALLDAY="4511" COUNTLASTDAY="8"/><OPERATION MODE="14" LABEL="Automatikstart" TIMEALLDAY="9034:57:10" TIMELASTDAY="9:59:51" COUNTALLDAY="3999" COUNTLASTDAY="5"/><OPERATION MODE="15" LABEL="Trudelbetrieb" TIMEALLDAY="1567:39:37" TIMELASTDAY="3:09:24" COUNTALLDAY="14967" COUNTLASTDAY="30"/><OPERATION MODE="16" LABEL="Synchronisation" TIMEALLDAY="0:00:00" TIMELASTDAY="0:00:00" COUNTALLDAY="477" COUNTLASTDAY="2"/><OPERATION MODE="17" LABEL="Zuschaltung Generator" TIMEALLDAY="0:00:00" TIMELASTDAY="0:00:00" COUNTALLDAY="1443" COUNTLASTDAY="2"/><OPERATION MODE="18" LABEL="Bremsmodus 30" TIMEALLDAY="0:03:20" TIMELASTDAY="0:00:00" COUNTALLDAY="5" COUNTLASTDAY="0"/><OPERATION MODE="19" LABEL="Hochlauf im Parallelbetrieb" TIMEALLDAY="135:56:35" TIMELASTDAY="0:15:49" COUNTALLDAY="9742" COUNTLASTDAY="19"/><OPERATION MODE="20" LABEL="Regelbetrieb Stufe 1" TIMEALLDAY="0:00:00" TIMELASTDAY="0:00:00" COUNTALLDAY="0" COUNTLASTDAY="0"/><OPERATION MODE="21" LABEL="Regelbetrieb" TIMEALLDAY="23980:13:07" TIMELASTDAY="8:47:30" COUNTALLDAY="9719" COUNTLASTDAY="19"/><OPERATION MODE="22" LABEL="Autom. Funktionspruefung" TIMEALLDAY="19:12:17" TIMELASTDAY="0:00:00" COUNTALLDAY="2" COUNTLASTDAY="0"/></STATISTIC></TRACE>