<TRACE LABEL="10min Log"><STATISTIC TIME="01.06.2025 23:45:00,481" DATE="01.06.2025"><PRODUCTION INVERTER="GMODE1" KWH_OVERALL="0.0" KWH_LastDay="0.0"/><PRODUCTION INVERTER="GMODE2" KWH_OVERALL="33261097.776" KWH_LastDay="368.144"/><CONSUM KWH_OVERALL="44112.513" KWH_LastDay="10.000"/><REACTIVEPOWER SIGNP="PLUS" SIGNQ="PLUS" KVAH_OVERALL="81940.543" KVAH_LastDay="4.000"/><REACTIVEPOWER SIGNP="PLUS" SIGNQ="MINUS" KVAH_OVERALL="0.0" KVAH_LastDay="0.0"/><REACTIVEPOWER SIGNP="MINUS" SIGNQ="PLUS" KVAH_OVERALL="426.149" KVAH_LastDay="0.0"/><REACTIVEPOWER SIGNP="MINUS" SIGNQ="MINUS" KVAH_OVERALL="0.0" KVAH_LastDay="0.0"/><GRID_OK TIMEALLDAY="100964:54:08" TIMELASTDAY="23:44:53" COUNTALLDAY="0" COUNTLASTDAY="0"/><OPERATION MODE="1" LABEL="Bremsmodus 50" TIMEALLDAY="1:05:39" TIMELASTDAY="0:00:00" COUNTALLDAY="17" COUNTLASTDAY="0"/><OPERATION MODE="2" LABEL="Bremsmodus 51" TIMEALLDAY="1028:58:28" TIMELASTDAY="0:02:08" COUNTALLDAY="4661" COUNTLASTDAY="2"/><OPERATION MODE="3" LABEL="Bremsmodus 199" TIMEALLDAY="524:19:07" TIMELASTDAY="0:00:00" COUNTALLDAY="2129" COUNTLASTDAY="0"/><OPERATION MODE="4" LABEL="Bremsmodus 200" TIMEALLDAY="3138:56:42" TIMELASTDAY="0:00:00" COUNTALLDAY="2709" COUNTLASTDAY="0"/><OPERATION MODE="5" LABEL="Bremsmodus 210" TIMEALLDAY="0:00:00" TIMELASTDAY="0:00:00" COUNTALLDAY="0" COUNTLASTDAY="0"/><OPERATION MODE="6" LABEL="Vorwaermmodus" TIMEALLDAY="0:04:47" TIMELASTDAY="0:00:00" COUNTALLDAY="2" COUNTLASTDAY="0"/><OPERATION MODE="7" LABEL="Systemtest 1" TIMEALLDAY="0:30:42" TIMELASTDAY="0:00:00" COUNTALLDAY="1262" COUNTLASTDAY="0"/><OPERATION MODE="8" LABEL="Systemtest 2" TIMEALLDAY="1:36:39" TIMELASTDAY="0:00:00" COUNTALLDAY="1216" COUNTLASTDAY="0"/><OPERATION MODE="9" LABEL="Systemtest 4" TIMEALLDAY="8:05:45" TIMELASTDAY="0:00:00" COUNTALLDAY="213" COUNTLASTDAY="0"/><OPERATION MODE="10" LABEL="Systemtest 5" TIMEALLDAY="8:08:22" TIMELASTDAY="0:00:00" COUNTALLDAY="178" COUNTLASTDAY="0"/><OPERATION MODE="11" LABEL="Systemtest 6" TIMEALLDAY="7:40:17" TIMELASTDAY="0:00:00" COUNTALLDAY="165" COUNTLASTDAY="0"/><OPERATION MODE="12" LABEL="Systemtest 3" TIMEALLDAY="0:00:00" TIMELASTDAY="0:00:00" COUNTALLDAY="19" COUNTLASTDAY="0"/><OPERATION MODE="13" LABEL="Trudelbetrieb Turmresonanz" TIMEALLDAY="1484:38:52" TIMELASTDAY="0:13:36" COUNTALLDAY="12808" COUNTLASTDAY="3"/><OPERATION MODE="14" LABEL="Automatikstart" TIMEALLDAY="25334:14:43" TIMELASTDAY="17:37:16" COUNTALLDAY="11928" COUNTLASTDAY="2"/><OPERATION MODE="15" LABEL="Trudelbetrieb" TIMEALLDAY="4693:18:46" TIMELASTDAY="1:11:57" COUNTALLDAY="50570" COUNTLASTDAY="8"/><OPERATION MODE="16" LABEL="Synchronisation" TIMEALLDAY="0:00:00" TIMELASTDAY="0:00:00" COUNTALLDAY="1766" COUNTLASTDAY="0"/><OPERATION MODE="17" LABEL="Zuschaltung Generator" TIMEALLDAY="0:00:00" TIMELASTDAY="0:00:00" COUNTALLDAY="4985" COUNTLASTDAY="1"/><OPERATION MODE="18" LABEL="Bremsmodus 30" TIMEALLDAY="0:30:33" TIMELASTDAY="0:00:00" COUNTALLDAY="49" COUNTLASTDAY="0"/><OPERATION MODE="19" LABEL="Hochlauf im Parallelbetrieb" TIMEALLDAY="490:20:26" TIMELASTDAY="0:03:06" COUNTALLDAY="35270" COUNTLASTDAY="4"/><OPERATION MODE="20" LABEL="Regelbetrieb Stufe 1" TIMEALLDAY="0:00:00" TIMELASTDAY="0:00:00" COUNTALLDAY="0" COUNTLASTDAY="0"/><OPERATION MODE="21" LABEL="Regelbetrieb" TIMEALLDAY="63869:51:29" TIMELASTDAY="4:36:43" COUNTALLDAY="34926" COUNTLASTDAY="3"/><OPERATION MODE="22" LABEL="Autom. Funktionspruefung" TIMEALLDAY="0:00:00" TIMELASTDAY="0:00:00" COUNTALLDAY="33" COUNTLASTDAY="0"/></STATISTIC></TRACE>