<TRACE LABEL="10min Log"><STATISTIC TIME="02.06.2025 23:54:00,607" DATE="02.06.2025"><PRODUCTION INVERTER="GMODE1" KWH_OVERALL="0.0" KWH_LastDay="0.0"/><PRODUCTION INVERTER="GMODE2" KWH_OVERALL="35812682.611" KWH_LastDay="612.271"/><CONSUM KWH_OVERALL="30996.123" KWH_LastDay="20.001"/><REACTIVEPOWER SIGNP="PLUS" SIGNQ="PLUS" KVAH_OVERALL="112486.690" KVAH_LastDay="23.000"/><REACTIVEPOWER SIGNP="PLUS" SIGNQ="MINUS" KVAH_OVERALL="0.0" KVAH_LastDay="0.0"/><REACTIVEPOWER SIGNP="MINUS" SIGNQ="PLUS" KVAH_OVERALL="366.091" KVAH_LastDay="1.000"/><REACTIVEPOWER SIGNP="MINUS" SIGNQ="MINUS" KVAH_OVERALL="0.0" KVAH_LastDay="0.0"/><GRID_OK TIMEALLDAY="78111:19:22" TIMELASTDAY="23:53:54" COUNTALLDAY="0" COUNTLASTDAY="0"/><OPERATION MODE="1" LABEL="Bremsmodus 50" TIMEALLDAY="0:01:02" TIMELASTDAY="0:00:00" COUNTALLDAY="1" COUNTLASTDAY="0"/><OPERATION MODE="2" LABEL="Bremsmodus 51" TIMEALLDAY="693:54:43" TIMELASTDAY="0:00:00" COUNTALLDAY="3953" COUNTLASTDAY="0"/><OPERATION MODE="3" LABEL="Bremsmodus 199" TIMEALLDAY="239:33:53" TIMELASTDAY="0:00:00" COUNTALLDAY="1882" COUNTLASTDAY="0"/><OPERATION MODE="4" LABEL="Bremsmodus 200" TIMEALLDAY="1499:47:33" TIMELASTDAY="0:00:00" COUNTALLDAY="2609" COUNTLASTDAY="0"/><OPERATION MODE="5" LABEL="Bremsmodus 210" TIMEALLDAY="0:00:00" TIMELASTDAY="0:00:00" COUNTALLDAY="0" COUNTLASTDAY="0"/><OPERATION MODE="6" LABEL="Vorwaermmodus" TIMEALLDAY="0:00:00" TIMELASTDAY="0:00:00" COUNTALLDAY="0" COUNTLASTDAY="0"/><OPERATION MODE="7" LABEL="Systemtest 1" TIMEALLDAY="0:23:16" TIMELASTDAY="0:00:00" COUNTALLDAY="1339" COUNTLASTDAY="0"/><OPERATION MODE="8" LABEL="Systemtest 2" TIMEALLDAY="1:48:52" TIMELASTDAY="0:00:00" COUNTALLDAY="1315" COUNTLASTDAY="0"/><OPERATION MODE="9" LABEL="Systemtest 4" TIMEALLDAY="11:31:26" TIMELASTDAY="0:00:00" COUNTALLDAY="236" COUNTLASTDAY="0"/><OPERATION MODE="10" LABEL="Systemtest 5" TIMEALLDAY="10:37:31" TIMELASTDAY="0:00:00" COUNTALLDAY="215" COUNTLASTDAY="0"/><OPERATION MODE="11" LABEL="Systemtest 6" TIMEALLDAY="10:40:04" TIMELASTDAY="0:00:00" COUNTALLDAY="206" COUNTLASTDAY="0"/><OPERATION MODE="12" LABEL="Systemtest 3" TIMEALLDAY="0:00:00" TIMELASTDAY="0:00:00" COUNTALLDAY="19" COUNTLASTDAY="0"/><OPERATION MODE="13" LABEL="Trudelbetrieb Turmresonanz" TIMEALLDAY="979:51:02" TIMELASTDAY="0:37:30" COUNTALLDAY="8344" COUNTLASTDAY="6"/><OPERATION MODE="14" LABEL="Automatikstart" TIMEALLDAY="19283:30:06" TIMELASTDAY="11:31:33" COUNTALLDAY="8650" COUNTLASTDAY="6"/><OPERATION MODE="15" LABEL="Trudelbetrieb" TIMEALLDAY="3439:44:09" TIMELASTDAY="2:42:40" COUNTALLDAY="34430" COUNTLASTDAY="31"/><OPERATION MODE="16" LABEL="Synchronisation" TIMEALLDAY="0:00:00" TIMELASTDAY="0:00:00" COUNTALLDAY="1219" COUNTLASTDAY="0"/><OPERATION MODE="17" LABEL="Zuschaltung Generator" TIMEALLDAY="0:00:00" TIMELASTDAY="0:00:00" COUNTALLDAY="3610" COUNTLASTDAY="4"/><OPERATION MODE="18" LABEL="Bremsmodus 30" TIMEALLDAY="0:07:56" TIMELASTDAY="0:00:00" COUNTALLDAY="12" COUNTLASTDAY="0"/><OPERATION MODE="19" LABEL="Hochlauf im Parallelbetrieb" TIMEALLDAY="340:10:10" TIMELASTDAY="0:18:23" COUNTALLDAY="24385" COUNTLASTDAY="22"/><OPERATION MODE="20" LABEL="Regelbetrieb Stufe 1" TIMEALLDAY="0:00:00" TIMELASTDAY="0:00:00" COUNTALLDAY="0" COUNTLASTDAY="0"/><OPERATION MODE="21" LABEL="Regelbetrieb" TIMEALLDAY="51653:46:29" TIMELASTDAY="8:43:20" COUNTALLDAY="24129" COUNTLASTDAY="22"/><OPERATION MODE="22" LABEL="Autom. Funktionspruefung" TIMEALLDAY="0:00:00" TIMELASTDAY="0:00:00" COUNTALLDAY="0" COUNTLASTDAY="0"/></STATISTIC></TRACE>