<TRACE LABEL="10min Log"><STATISTIC TIME="02.06.2025 23:54:00,499" DATE="02.06.2025"><PRODUCTION INVERTER="GMODE1" KWH_OVERALL="0.0" KWH_LastDay="0.0"/><PRODUCTION INVERTER="GMODE2" KWH_OVERALL="36732033.539" KWH_LastDay="536.194"/><CONSUM KWH_OVERALL="41833.421" KWH_LastDay="36.001"/><REACTIVEPOWER SIGNP="PLUS" SIGNQ="PLUS" KVAH_OVERALL="146496.943" KVAH_LastDay="0.0"/><REACTIVEPOWER SIGNP="PLUS" SIGNQ="MINUS" KVAH_OVERALL="0.0" KVAH_LastDay="0.0"/><REACTIVEPOWER SIGNP="MINUS" SIGNQ="PLUS" KVAH_OVERALL="314.088" KVAH_LastDay="0.0"/><REACTIVEPOWER SIGNP="MINUS" SIGNQ="MINUS" KVAH_OVERALL="0.0" KVAH_LastDay="0.0"/><GRID_OK TIMEALLDAY="98427:23:48" TIMELASTDAY="23:53:58" COUNTALLDAY="0" COUNTLASTDAY="0"/><OPERATION MODE="1" LABEL="Bremsmodus 50" TIMEALLDAY="0:42:19" TIMELASTDAY="0:00:00" COUNTALLDAY="11" COUNTLASTDAY="0"/><OPERATION MODE="2" LABEL="Bremsmodus 51" TIMEALLDAY="659:17:18" TIMELASTDAY="0:00:00" COUNTALLDAY="4647" COUNTLASTDAY="0"/><OPERATION MODE="3" LABEL="Bremsmodus 199" TIMEALLDAY="229:14:53" TIMELASTDAY="0:00:00" COUNTALLDAY="1377" COUNTLASTDAY="0"/><OPERATION MODE="4" LABEL="Bremsmodus 200" TIMEALLDAY="1416:41:36" TIMELASTDAY="0:00:00" COUNTALLDAY="1939" COUNTLASTDAY="0"/><OPERATION MODE="5" LABEL="Bremsmodus 210" TIMEALLDAY="0:00:00" TIMELASTDAY="0:00:00" COUNTALLDAY="0" COUNTLASTDAY="0"/><OPERATION MODE="6" LABEL="Vorwaermmodus" TIMEALLDAY="0:00:02" TIMELASTDAY="0:00:00" COUNTALLDAY="1" COUNTLASTDAY="0"/><OPERATION MODE="7" LABEL="Systemtest 1" TIMEALLDAY="0:17:07" TIMELASTDAY="0:00:00" COUNTALLDAY="1013" COUNTLASTDAY="0"/><OPERATION MODE="8" LABEL="Systemtest 2" TIMEALLDAY="1:22:18" TIMELASTDAY="0:00:00" COUNTALLDAY="998" COUNTLASTDAY="0"/><OPERATION MODE="9" LABEL="Systemtest 4" TIMEALLDAY="6:36:25" TIMELASTDAY="0:00:00" COUNTALLDAY="147" COUNTLASTDAY="0"/><OPERATION MODE="10" LABEL="Systemtest 5" TIMEALLDAY="6:14:37" TIMELASTDAY="0:00:00" COUNTALLDAY="135" COUNTLASTDAY="0"/><OPERATION MODE="11" LABEL="Systemtest 6" TIMEALLDAY="5:51:09" TIMELASTDAY="0:00:00" COUNTALLDAY="132" COUNTLASTDAY="0"/><OPERATION MODE="12" LABEL="Systemtest 3" TIMEALLDAY="0:00:00" TIMELASTDAY="0:00:00" COUNTALLDAY="23" COUNTLASTDAY="0"/><OPERATION MODE="13" LABEL="Trudelbetrieb Turmresonanz" TIMEALLDAY="1120:56:33" TIMELASTDAY="1:09:43" COUNTALLDAY="9572" COUNTLASTDAY="11"/><OPERATION MODE="14" LABEL="Automatikstart" TIMEALLDAY="21953:51:34" TIMELASTDAY="9:40:58" COUNTALLDAY="10405" COUNTLASTDAY="7"/><OPERATION MODE="15" LABEL="Trudelbetrieb" TIMEALLDAY="4996:12:11" TIMELASTDAY="3:53:00" COUNTALLDAY="45724" COUNTLASTDAY="42"/><OPERATION MODE="16" LABEL="Synchronisation" TIMEALLDAY="0:00:00" TIMELASTDAY="0:00:00" COUNTALLDAY="1741" COUNTLASTDAY="1"/><OPERATION MODE="17" LABEL="Zuschaltung Generator" TIMEALLDAY="0:00:29" TIMELASTDAY="0:00:00" COUNTALLDAY="4679" COUNTLASTDAY="3"/><OPERATION MODE="18" LABEL="Bremsmodus 30" TIMEALLDAY="0:27:29" TIMELASTDAY="0:00:00" COUNTALLDAY="42" COUNTLASTDAY="0"/><OPERATION MODE="19" LABEL="Hochlauf im Parallelbetrieb" TIMEALLDAY="468:33:23" TIMELASTDAY="0:23:15" COUNTALLDAY="33523" COUNTLASTDAY="28"/><OPERATION MODE="20" LABEL="Regelbetrieb Stufe 1" TIMEALLDAY="0:00:00" TIMELASTDAY="0:00:00" COUNTALLDAY="0" COUNTLASTDAY="0"/><OPERATION MODE="21" LABEL="Regelbetrieb" TIMEALLDAY="66158:49:36" TIMELASTDAY="8:46:20" COUNTALLDAY="33046" COUNTLASTDAY="27"/><OPERATION MODE="22" LABEL="Autom. Funktionspruefung" TIMEALLDAY="0:00:00" TIMELASTDAY="0:00:00" COUNTALLDAY="0" COUNTLASTDAY="0"/></STATISTIC></TRACE>