<TRACE LABEL="10min Log"><STATISTIC TIME="02.06.2025 23:45:00,589" DATE="02.06.2025"><PRODUCTION INVERTER="GMODE1" KWH_OVERALL="0.0" KWH_LastDay="0.0"/><PRODUCTION INVERTER="GMODE2" KWH_OVERALL="33261509.907" KWH_LastDay="412.131"/><CONSUM KWH_OVERALL="44129.514" KWH_LastDay="17.001"/><REACTIVEPOWER SIGNP="PLUS" SIGNQ="PLUS" KVAH_OVERALL="81946.543" KVAH_LastDay="6.000"/><REACTIVEPOWER SIGNP="PLUS" SIGNQ="MINUS" KVAH_OVERALL="0.0" KVAH_LastDay="0.0"/><REACTIVEPOWER SIGNP="MINUS" SIGNQ="PLUS" KVAH_OVERALL="426.149" KVAH_LastDay="0.0"/><REACTIVEPOWER SIGNP="MINUS" SIGNQ="MINUS" KVAH_OVERALL="0.0" KVAH_LastDay="0.0"/><GRID_OK TIMEALLDAY="100988:54:01" TIMELASTDAY="23:44:53" COUNTALLDAY="0" COUNTLASTDAY="0"/><OPERATION MODE="1" LABEL="Bremsmodus 50" TIMEALLDAY="1:05:39" TIMELASTDAY="0:00:00" COUNTALLDAY="17" COUNTLASTDAY="0"/><OPERATION MODE="2" LABEL="Bremsmodus 51" TIMEALLDAY="1029:02:49" TIMELASTDAY="0:04:21" COUNTALLDAY="4665" COUNTLASTDAY="4"/><OPERATION MODE="3" LABEL="Bremsmodus 199" TIMEALLDAY="524:19:07" TIMELASTDAY="0:00:00" COUNTALLDAY="2129" COUNTLASTDAY="0"/><OPERATION MODE="4" LABEL="Bremsmodus 200" TIMEALLDAY="3138:56:42" TIMELASTDAY="0:00:00" COUNTALLDAY="2709" COUNTLASTDAY="0"/><OPERATION MODE="5" LABEL="Bremsmodus 210" TIMEALLDAY="0:00:00" TIMELASTDAY="0:00:00" COUNTALLDAY="0" COUNTLASTDAY="0"/><OPERATION MODE="6" LABEL="Vorwaermmodus" TIMEALLDAY="0:04:47" TIMELASTDAY="0:00:00" COUNTALLDAY="2" COUNTLASTDAY="0"/><OPERATION MODE="7" LABEL="Systemtest 1" TIMEALLDAY="0:30:42" TIMELASTDAY="0:00:00" COUNTALLDAY="1262" COUNTLASTDAY="0"/><OPERATION MODE="8" LABEL="Systemtest 2" TIMEALLDAY="1:36:39" TIMELASTDAY="0:00:00" COUNTALLDAY="1216" COUNTLASTDAY="0"/><OPERATION MODE="9" LABEL="Systemtest 4" TIMEALLDAY="8:05:45" TIMELASTDAY="0:00:00" COUNTALLDAY="213" COUNTLASTDAY="0"/><OPERATION MODE="10" LABEL="Systemtest 5" TIMEALLDAY="8:08:22" TIMELASTDAY="0:00:00" COUNTALLDAY="178" COUNTLASTDAY="0"/><OPERATION MODE="11" LABEL="Systemtest 6" TIMEALLDAY="7:40:17" TIMELASTDAY="0:00:00" COUNTALLDAY="165" COUNTLASTDAY="0"/><OPERATION MODE="12" LABEL="Systemtest 3" TIMEALLDAY="0:00:00" TIMELASTDAY="0:00:00" COUNTALLDAY="19" COUNTLASTDAY="0"/><OPERATION MODE="13" LABEL="Trudelbetrieb Turmresonanz" TIMEALLDAY="1485:24:46" TIMELASTDAY="0:45:54" COUNTALLDAY="12816" COUNTLASTDAY="8"/><OPERATION MODE="14" LABEL="Automatikstart" TIMEALLDAY="25348:27:10" TIMELASTDAY="13:57:27" COUNTALLDAY="11935" COUNTLASTDAY="7"/><OPERATION MODE="15" LABEL="Trudelbetrieb" TIMEALLDAY="4695:03:47" TIMELASTDAY="1:45:01" COUNTALLDAY="50598" COUNTLASTDAY="28"/><OPERATION MODE="16" LABEL="Synchronisation" TIMEALLDAY="0:00:00" TIMELASTDAY="0:00:00" COUNTALLDAY="1767" COUNTLASTDAY="1"/><OPERATION MODE="17" LABEL="Zuschaltung Generator" TIMEALLDAY="0:00:00" TIMELASTDAY="0:00:00" COUNTALLDAY="4989" COUNTLASTDAY="4"/><OPERATION MODE="18" LABEL="Bremsmodus 30" TIMEALLDAY="0:30:33" TIMELASTDAY="0:00:00" COUNTALLDAY="49" COUNTLASTDAY="0"/><OPERATION MODE="19" LABEL="Hochlauf im Parallelbetrieb" TIMEALLDAY="490:34:38" TIMELASTDAY="0:14:12" COUNTALLDAY="35287" COUNTLASTDAY="17"/><OPERATION MODE="20" LABEL="Regelbetrieb Stufe 1" TIMEALLDAY="0:00:00" TIMELASTDAY="0:00:00" COUNTALLDAY="0" COUNTLASTDAY="0"/><OPERATION MODE="21" LABEL="Regelbetrieb" TIMEALLDAY="63876:48:59" TIMELASTDAY="6:57:30" COUNTALLDAY="34943" COUNTLASTDAY="17"/><OPERATION MODE="22" LABEL="Autom. Funktionspruefung" TIMEALLDAY="0:00:00" TIMELASTDAY="0:00:00" COUNTALLDAY="33" COUNTLASTDAY="0"/></STATISTIC></TRACE>