<TRACE LABEL="10min Log"><STATISTIC TIME="03.06.2025 23:45:00,575" DATE="03.06.2025"><PRODUCTION INVERTER="GMODE1" KWH_OVERALL="0.0" KWH_LastDay="0.0"/><PRODUCTION INVERTER="GMODE2" KWH_OVERALL="40217833.909" KWH_LastDay="8230.015"/><CONSUM KWH_OVERALL="36799.275" KWH_LastDay="10.000"/><REACTIVEPOWER SIGNP="PLUS" SIGNQ="PLUS" KVAH_OVERALL="292335.109" KVAH_LastDay="73.002"/><REACTIVEPOWER SIGNP="PLUS" SIGNQ="MINUS" KVAH_OVERALL="0.0" KVAH_LastDay="0.0"/><REACTIVEPOWER SIGNP="MINUS" SIGNQ="PLUS" KVAH_OVERALL="1134.156" KVAH_LastDay="0.0"/><REACTIVEPOWER SIGNP="MINUS" SIGNQ="MINUS" KVAH_OVERALL="0.0" KVAH_LastDay="0.0"/><GRID_OK TIMEALLDAY="49605:46:21" TIMELASTDAY="23:44:53" COUNTALLDAY="0" COUNTLASTDAY="0"/><OPERATION MODE="1" LABEL="Bremsmodus 50" TIMEALLDAY="0:25:37" TIMELASTDAY="0:00:00" COUNTALLDAY="17" COUNTLASTDAY="0"/><OPERATION MODE="2" LABEL="Bremsmodus 51" TIMEALLDAY="307:29:41" TIMELASTDAY="0:00:59" COUNTALLDAY="1573" COUNTLASTDAY="1"/><OPERATION MODE="3" LABEL="Bremsmodus 199" TIMEALLDAY="54:04:45" TIMELASTDAY="0:00:00" COUNTALLDAY="750" COUNTLASTDAY="0"/><OPERATION MODE="4" LABEL="Bremsmodus 200" TIMEALLDAY="496:14:19" TIMELASTDAY="0:00:00" COUNTALLDAY="1019" COUNTLASTDAY="0"/><OPERATION MODE="5" LABEL="Bremsmodus 210" TIMEALLDAY="0:00:00" TIMELASTDAY="0:00:00" COUNTALLDAY="0" COUNTLASTDAY="0"/><OPERATION MODE="6" LABEL="Vorwaermmodus" TIMEALLDAY="0:00:18" TIMELASTDAY="0:00:00" COUNTALLDAY="4" COUNTLASTDAY="0"/><OPERATION MODE="7" LABEL="Systemtest 1" TIMEALLDAY="0:09:37" TIMELASTDAY="0:00:00" COUNTALLDAY="505" COUNTLASTDAY="0"/><OPERATION MODE="8" LABEL="Systemtest 2" TIMEALLDAY="0:41:18" TIMELASTDAY="0:00:00" COUNTALLDAY="499" COUNTLASTDAY="0"/><OPERATION MODE="9" LABEL="Systemtest 4" TIMEALLDAY="2:51:58" TIMELASTDAY="0:00:00" COUNTALLDAY="69" COUNTLASTDAY="0"/><OPERATION MODE="10" LABEL="Systemtest 5" TIMEALLDAY="2:34:18" TIMELASTDAY="0:00:00" COUNTALLDAY="58" COUNTLASTDAY="0"/><OPERATION MODE="11" LABEL="Systemtest 6" TIMEALLDAY="2:11:45" TIMELASTDAY="0:00:00" COUNTALLDAY="52" COUNTLASTDAY="0"/><OPERATION MODE="12" LABEL="Systemtest 3" TIMEALLDAY="0:00:00" TIMELASTDAY="0:00:00" COUNTALLDAY="7" COUNTLASTDAY="0"/><OPERATION MODE="13" LABEL="Trudelbetrieb Turmresonanz" TIMEALLDAY="669:22:47" TIMELASTDAY="0:28:11" COUNTALLDAY="5579" COUNTLASTDAY="3"/><OPERATION MODE="14" LABEL="Automatikstart" TIMEALLDAY="11078:11:41" TIMELASTDAY="2:39:12" COUNTALLDAY="5223" COUNTLASTDAY="3"/><OPERATION MODE="15" LABEL="Trudelbetrieb" TIMEALLDAY="2788:56:39" TIMELASTDAY="0:44:42" COUNTALLDAY="24850" COUNTLASTDAY="13"/><OPERATION MODE="16" LABEL="Synchronisation" TIMEALLDAY="0:00:00" TIMELASTDAY="0:00:00" COUNTALLDAY="983" COUNTLASTDAY="2"/><OPERATION MODE="17" LABEL="Zuschaltung Generator" TIMEALLDAY="0:00:00" TIMELASTDAY="0:00:00" COUNTALLDAY="2738" COUNTLASTDAY="2"/><OPERATION MODE="18" LABEL="Bremsmodus 30" TIMEALLDAY="0:08:55" TIMELASTDAY="0:00:00" COUNTALLDAY="14" COUNTLASTDAY="0"/><OPERATION MODE="19" LABEL="Hochlauf im Parallelbetrieb" TIMEALLDAY="253:46:37" TIMELASTDAY="0:09:14" COUNTALLDAY="18235" COUNTLASTDAY="11"/><OPERATION MODE="20" LABEL="Regelbetrieb Stufe 1" TIMEALLDAY="0:00:00" TIMELASTDAY="0:00:00" COUNTALLDAY="0" COUNTLASTDAY="0"/><OPERATION MODE="21" LABEL="Regelbetrieb" TIMEALLDAY="33963:58:29" TIMELASTDAY="19:42:21" COUNTALLDAY="18043" COUNTLASTDAY="11"/><OPERATION MODE="22" LABEL="Autom. Funktionspruefung" TIMEALLDAY="0:00:00" TIMELASTDAY="0:00:00" COUNTALLDAY="0" COUNTLASTDAY="0"/></STATISTIC></TRACE>