<TRACE LABEL="10min Log"><STATISTIC TIME="03.06.2025 23:45:00,527" DATE="03.06.2025"><PRODUCTION INVERTER="GMODE1" KWH_OVERALL="0.0" KWH_LastDay="0.0"/><PRODUCTION INVERTER="GMODE2" KWH_OVERALL="33314566.596" KWH_LastDay="7257.459"/><CONSUM KWH_OVERALL="41142.653" KWH_LastDay="11.000"/><REACTIVEPOWER SIGNP="PLUS" SIGNQ="PLUS" KVAH_OVERALL="270441.223" KVAH_LastDay="101.004"/><REACTIVEPOWER SIGNP="PLUS" SIGNQ="MINUS" KVAH_OVERALL="0.0" KVAH_LastDay="0.0"/><REACTIVEPOWER SIGNP="MINUS" SIGNQ="PLUS" KVAH_OVERALL="1041.177" KVAH_LastDay="0.0"/><REACTIVEPOWER SIGNP="MINUS" SIGNQ="MINUS" KVAH_OVERALL="0.0" KVAH_LastDay="0.0"/><GRID_OK TIMEALLDAY="100311:37:18" TIMELASTDAY="23:44:57" COUNTALLDAY="0" COUNTLASTDAY="0"/><OPERATION MODE="1" LABEL="Bremsmodus 50" TIMEALLDAY="0:27:36" TIMELASTDAY="0:00:00" COUNTALLDAY="18" COUNTLASTDAY="0"/><OPERATION MODE="2" LABEL="Bremsmodus 51" TIMEALLDAY="756:36:18" TIMELASTDAY="0:00:00" COUNTALLDAY="4619" COUNTLASTDAY="0"/><OPERATION MODE="3" LABEL="Bremsmodus 199" TIMEALLDAY="273:40:52" TIMELASTDAY="0:00:00" COUNTALLDAY="1668" COUNTLASTDAY="0"/><OPERATION MODE="4" LABEL="Bremsmodus 200" TIMEALLDAY="1750:19:39" TIMELASTDAY="0:00:00" COUNTALLDAY="2408" COUNTLASTDAY="0"/><OPERATION MODE="5" LABEL="Bremsmodus 210" TIMEALLDAY="0:00:00" TIMELASTDAY="0:00:00" COUNTALLDAY="0" COUNTLASTDAY="0"/><OPERATION MODE="6" LABEL="Vorwaermmodus" TIMEALLDAY="0:00:15" TIMELASTDAY="0:00:00" COUNTALLDAY="4" COUNTLASTDAY="0"/><OPERATION MODE="7" LABEL="Systemtest 1" TIMEALLDAY="0:21:22" TIMELASTDAY="0:00:00" COUNTALLDAY="1283" COUNTLASTDAY="0"/><OPERATION MODE="8" LABEL="Systemtest 2" TIMEALLDAY="1:43:58" TIMELASTDAY="0:00:00" COUNTALLDAY="1262" COUNTLASTDAY="0"/><OPERATION MODE="9" LABEL="Systemtest 4" TIMEALLDAY="12:05:54" TIMELASTDAY="0:00:00" COUNTALLDAY="288" COUNTLASTDAY="0"/><OPERATION MODE="10" LABEL="Systemtest 5" TIMEALLDAY="11:59:20" TIMELASTDAY="0:00:00" COUNTALLDAY="267" COUNTLASTDAY="0"/><OPERATION MODE="11" LABEL="Systemtest 6" TIMEALLDAY="11:29:20" TIMELASTDAY="0:00:00" COUNTALLDAY="263" COUNTLASTDAY="0"/><OPERATION MODE="12" LABEL="Systemtest 3" TIMEALLDAY="0:00:00" TIMELASTDAY="0:00:00" COUNTALLDAY="29" COUNTLASTDAY="0"/><OPERATION MODE="13" LABEL="Trudelbetrieb Turmresonanz" TIMEALLDAY="2358:17:07" TIMELASTDAY="0:28:14" COUNTALLDAY="19316" COUNTLASTDAY="4"/><OPERATION MODE="14" LABEL="Automatikstart" TIMEALLDAY="14448:52:46" TIMELASTDAY="2:51:10" COUNTALLDAY="31318" COUNTLASTDAY="2"/><OPERATION MODE="15" LABEL="Trudelbetrieb" TIMEALLDAY="10880:52:55" TIMELASTDAY="1:14:03" COUNTALLDAY="77329" COUNTLASTDAY="9"/><OPERATION MODE="16" LABEL="Synchronisation" TIMEALLDAY="0:00:00" TIMELASTDAY="0:00:00" COUNTALLDAY="1991" COUNTLASTDAY="0"/><OPERATION MODE="17" LABEL="Zuschaltung Generator" TIMEALLDAY="0:00:00" TIMELASTDAY="0:00:00" COUNTALLDAY="5571" COUNTLASTDAY="0"/><OPERATION MODE="18" LABEL="Bremsmodus 30" TIMEALLDAY="0:32:11" TIMELASTDAY="0:00:00" COUNTALLDAY="49" COUNTLASTDAY="0"/><OPERATION MODE="19" LABEL="Hochlauf im Parallelbetrieb" TIMEALLDAY="553:14:42" TIMELASTDAY="0:04:12" COUNTALLDAY="39740" COUNTLASTDAY="5"/><OPERATION MODE="20" LABEL="Regelbetrieb Stufe 1" TIMEALLDAY="0:00:00" TIMELASTDAY="0:00:00" COUNTALLDAY="0" COUNTLASTDAY="0"/><OPERATION MODE="21" LABEL="Regelbetrieb" TIMEALLDAY="67392:21:24" TIMELASTDAY="19:07:11" COUNTALLDAY="39192" COUNTLASTDAY="5"/><OPERATION MODE="22" LABEL="Autom. Funktionspruefung" TIMEALLDAY="0:00:00" TIMELASTDAY="0:00:00" COUNTALLDAY="0" COUNTLASTDAY="0"/></STATISTIC></TRACE>