<TRACE LABEL="10min Log"><STATISTIC TIME="03.06.2025 23:54:00,580" DATE="03.06.2025"><PRODUCTION INVERTER="GMODE1" KWH_OVERALL="0.0" KWH_LastDay="0.0"/><PRODUCTION INVERTER="GMODE2" KWH_OVERALL="13512899.211" KWH_LastDay="9516.083"/><CONSUM KWH_OVERALL="13419.065" KWH_LastDay="10.000"/><REACTIVEPOWER SIGNP="PLUS" SIGNQ="PLUS" KVAH_OVERALL="203178.868" KVAH_LastDay="140.007"/><REACTIVEPOWER SIGNP="PLUS" SIGNQ="MINUS" KVAH_OVERALL="0.0" KVAH_LastDay="0.0"/><REACTIVEPOWER SIGNP="MINUS" SIGNQ="PLUS" KVAH_OVERALL="239.042" KVAH_LastDay="0.0"/><REACTIVEPOWER SIGNP="MINUS" SIGNQ="MINUS" KVAH_OVERALL="0.0" KVAH_LastDay="0.0"/><GRID_OK TIMEALLDAY="34300:20:45" TIMELASTDAY="23:53:53" COUNTALLDAY="0" COUNTLASTDAY="0"/><OPERATION MODE="1" LABEL="Bremsmodus 50" TIMEALLDAY="0:15:20" TIMELASTDAY="0:00:00" COUNTALLDAY="16" COUNTLASTDAY="0"/><OPERATION MODE="2" LABEL="Bremsmodus 51" TIMEALLDAY="246:00:35" TIMELASTDAY="0:00:00" COUNTALLDAY="1119" COUNTLASTDAY="0"/><OPERATION MODE="3" LABEL="Bremsmodus 199" TIMEALLDAY="50:18:38" TIMELASTDAY="0:00:00" COUNTALLDAY="433" COUNTLASTDAY="0"/><OPERATION MODE="4" LABEL="Bremsmodus 200" TIMEALLDAY="456:49:22" TIMELASTDAY="0:00:00" COUNTALLDAY="587" COUNTLASTDAY="0"/><OPERATION MODE="5" LABEL="Bremsmodus 210" TIMEALLDAY="0:00:00" TIMELASTDAY="0:00:00" COUNTALLDAY="0" COUNTLASTDAY="0"/><OPERATION MODE="6" LABEL="Vorwaermmodus" TIMEALLDAY="0:02:01" TIMELASTDAY="0:00:00" COUNTALLDAY="1" COUNTLASTDAY="0"/><OPERATION MODE="7" LABEL="Systemtest 1" TIMEALLDAY="0:04:33" TIMELASTDAY="0:00:00" COUNTALLDAY="302" COUNTLASTDAY="0"/><OPERATION MODE="8" LABEL="Systemtest 2" TIMEALLDAY="0:23:36" TIMELASTDAY="0:00:00" COUNTALLDAY="286" COUNTLASTDAY="0"/><OPERATION MODE="9" LABEL="Systemtest 4" TIMEALLDAY="1:43:10" TIMELASTDAY="0:00:00" COUNTALLDAY="37" COUNTLASTDAY="0"/><OPERATION MODE="10" LABEL="Systemtest 5" TIMEALLDAY="1:33:12" TIMELASTDAY="0:00:00" COUNTALLDAY="35" COUNTLASTDAY="0"/><OPERATION MODE="11" LABEL="Systemtest 6" TIMEALLDAY="1:32:34" TIMELASTDAY="0:00:00" COUNTALLDAY="34" COUNTLASTDAY="0"/><OPERATION MODE="12" LABEL="Systemtest 3" TIMEALLDAY="0:00:00" TIMELASTDAY="0:00:00" COUNTALLDAY="10" COUNTLASTDAY="0"/><OPERATION MODE="13" LABEL="Trudelbetrieb Turmresonanz" TIMEALLDAY="496:05:04" TIMELASTDAY="0:12:30" COUNTALLDAY="4216" COUNTLASTDAY="2"/><OPERATION MODE="14" LABEL="Automatikstart" TIMEALLDAY="8430:15:11" TIMELASTDAY="1:19:31" COUNTALLDAY="3595" COUNTLASTDAY="2"/><OPERATION MODE="15" LABEL="Trudelbetrieb" TIMEALLDAY="1598:35:37" TIMELASTDAY="1:19:05" COUNTALLDAY="15705" COUNTLASTDAY="11"/><OPERATION MODE="16" LABEL="Synchronisation" TIMEALLDAY="0:00:00" TIMELASTDAY="0:00:00" COUNTALLDAY="568" COUNTLASTDAY="1"/><OPERATION MODE="17" LABEL="Zuschaltung Generator" TIMEALLDAY="0:00:00" TIMELASTDAY="0:00:00" COUNTALLDAY="1634" COUNTLASTDAY="0"/><OPERATION MODE="18" LABEL="Bremsmodus 30" TIMEALLDAY="0:02:40" TIMELASTDAY="0:00:00" COUNTALLDAY="4" COUNTLASTDAY="0"/><OPERATION MODE="19" LABEL="Hochlauf im Parallelbetrieb" TIMEALLDAY="150:53:07" TIMELASTDAY="0:06:43" COUNTALLDAY="10869" COUNTLASTDAY="8"/><OPERATION MODE="20" LABEL="Regelbetrieb Stufe 1" TIMEALLDAY="0:00:00" TIMELASTDAY="0:00:00" COUNTALLDAY="0" COUNTLASTDAY="0"/><OPERATION MODE="21" LABEL="Regelbetrieb" TIMEALLDAY="22945:31:16" TIMELASTDAY="20:55:55" COUNTALLDAY="10765" COUNTLASTDAY="8"/><OPERATION MODE="22" LABEL="Autom. Funktionspruefung" TIMEALLDAY="0:00:00" TIMELASTDAY="0:00:00" COUNTALLDAY="0" COUNTLASTDAY="0"/></STATISTIC></TRACE>