<TRACE LABEL="10min Log"><STATISTIC TIME="01.06.2025 23:54:00,461" DATE="01.06.2025"><PRODUCTION INVERTER="GMODE1" KWH_OVERALL="0.0" KWH_LastDay="0.0"/><PRODUCTION INVERTER="GMODE2" KWH_OVERALL="37919284.334" KWH_LastDay="354.135"/><CONSUM KWH_OVERALL="38048.409" KWH_LastDay="7.000"/><REACTIVEPOWER SIGNP="PLUS" SIGNQ="PLUS" KVAH_OVERALL="124572.615" KVAH_LastDay="0.0"/><REACTIVEPOWER SIGNP="PLUS" SIGNQ="MINUS" KVAH_OVERALL="0.0" KVAH_LastDay="0.0"/><REACTIVEPOWER SIGNP="MINUS" SIGNQ="PLUS" KVAH_OVERALL="570.144" KVAH_LastDay="0.0"/><REACTIVEPOWER SIGNP="MINUS" SIGNQ="MINUS" KVAH_OVERALL="0.0" KVAH_LastDay="0.0"/><GRID_OK TIMEALLDAY="100641:21:23" TIMELASTDAY="23:53:55" COUNTALLDAY="0" COUNTLASTDAY="0"/><OPERATION MODE="1" LABEL="Bremsmodus 50" TIMEALLDAY="0:08:04" TIMELASTDAY="0:00:00" COUNTALLDAY="5" COUNTLASTDAY="0"/><OPERATION MODE="2" LABEL="Bremsmodus 51" TIMEALLDAY="889:44:26" TIMELASTDAY="0:04:14" COUNTALLDAY="5077" COUNTLASTDAY="3"/><OPERATION MODE="3" LABEL="Bremsmodus 199" TIMEALLDAY="380:07:25" TIMELASTDAY="0:00:00" COUNTALLDAY="1804" COUNTLASTDAY="0"/><OPERATION MODE="4" LABEL="Bremsmodus 200" TIMEALLDAY="1595:06:02" TIMELASTDAY="0:00:00" COUNTALLDAY="2051" COUNTLASTDAY="0"/><OPERATION MODE="5" LABEL="Bremsmodus 210" TIMEALLDAY="0:00:00" TIMELASTDAY="0:00:00" COUNTALLDAY="0" COUNTLASTDAY="0"/><OPERATION MODE="6" LABEL="Vorwaermmodus" TIMEALLDAY="0:00:08" TIMELASTDAY="0:00:00" COUNTALLDAY="3" COUNTLASTDAY="0"/><OPERATION MODE="7" LABEL="Systemtest 1" TIMEALLDAY="0:18:38" TIMELASTDAY="0:00:00" COUNTALLDAY="1157" COUNTLASTDAY="0"/><OPERATION MODE="8" LABEL="Systemtest 2" TIMEALLDAY="1:32:39" TIMELASTDAY="0:00:00" COUNTALLDAY="1131" COUNTLASTDAY="0"/><OPERATION MODE="9" LABEL="Systemtest 4" TIMEALLDAY="7:37:22" TIMELASTDAY="0:00:00" COUNTALLDAY="156" COUNTLASTDAY="0"/><OPERATION MODE="10" LABEL="Systemtest 5" TIMEALLDAY="7:09:49" TIMELASTDAY="0:00:00" COUNTALLDAY="140" COUNTLASTDAY="0"/><OPERATION MODE="11" LABEL="Systemtest 6" TIMEALLDAY="7:28:03" TIMELASTDAY="0:00:00" COUNTALLDAY="139" COUNTLASTDAY="0"/><OPERATION MODE="12" LABEL="Systemtest 3" TIMEALLDAY="0:00:00" TIMELASTDAY="0:00:00" COUNTALLDAY="27" COUNTLASTDAY="0"/><OPERATION MODE="13" LABEL="Trudelbetrieb Turmresonanz" TIMEALLDAY="1345:52:26" TIMELASTDAY="0:13:28" COUNTALLDAY="11705" COUNTLASTDAY="2"/><OPERATION MODE="14" LABEL="Automatikstart" TIMEALLDAY="25336:19:50" TIMELASTDAY="19:14:29" COUNTALLDAY="11372" COUNTLASTDAY="4"/><OPERATION MODE="15" LABEL="Trudelbetrieb" TIMEALLDAY="4326:57:14" TIMELASTDAY="0:21:13" COUNTALLDAY="46136" COUNTLASTDAY="6"/><OPERATION MODE="16" LABEL="Synchronisation" TIMEALLDAY="11:36:18" TIMELASTDAY="0:00:00" COUNTALLDAY="1662" COUNTLASTDAY="0"/><OPERATION MODE="17" LABEL="Zuschaltung Generator" TIMEALLDAY="0:00:00" TIMELASTDAY="0:00:00" COUNTALLDAY="4562" COUNTLASTDAY="0"/><OPERATION MODE="18" LABEL="Bremsmodus 30" TIMEALLDAY="0:21:26" TIMELASTDAY="0:00:00" COUNTALLDAY="35" COUNTLASTDAY="0"/><OPERATION MODE="19" LABEL="Hochlauf im Parallelbetrieb" TIMEALLDAY="442:10:27" TIMELASTDAY="0:03:20" COUNTALLDAY="31800" COUNTLASTDAY="4"/><OPERATION MODE="20" LABEL="Regelbetrieb Stufe 1" TIMEALLDAY="0:00:00" TIMELASTDAY="0:00:00" COUNTALLDAY="0" COUNTLASTDAY="0"/><OPERATION MODE="21" LABEL="Regelbetrieb" TIMEALLDAY="66305:46:50" TIMELASTDAY="3:57:02" COUNTALLDAY="31445" COUNTLASTDAY="4"/><OPERATION MODE="22" LABEL="Autom. Funktionspruefung" TIMEALLDAY="20:34:31" TIMELASTDAY="0:00:00" COUNTALLDAY="29" COUNTLASTDAY="0"/></STATISTIC></TRACE>