<TRACE LABEL="10min Log"><STATISTIC TIME="02.06.2025 23:54:00,507" DATE="02.06.2025"><PRODUCTION INVERTER="GMODE1" KWH_OVERALL="0.0" KWH_LastDay="0.0"/><PRODUCTION INVERTER="GMODE2" KWH_OVERALL="37919752.496" KWH_LastDay="468.161"/><CONSUM KWH_OVERALL="38081.411" KWH_LastDay="33.001"/><REACTIVEPOWER SIGNP="PLUS" SIGNQ="PLUS" KVAH_OVERALL="124572.615" KVAH_LastDay="0.0"/><REACTIVEPOWER SIGNP="PLUS" SIGNQ="MINUS" KVAH_OVERALL="0.0" KVAH_LastDay="0.0"/><REACTIVEPOWER SIGNP="MINUS" SIGNQ="PLUS" KVAH_OVERALL="570.144" KVAH_LastDay="0.0"/><REACTIVEPOWER SIGNP="MINUS" SIGNQ="MINUS" KVAH_OVERALL="0.0" KVAH_LastDay="0.0"/><GRID_OK TIMEALLDAY="100665:21:18" TIMELASTDAY="23:53:54" COUNTALLDAY="0" COUNTLASTDAY="0"/><OPERATION MODE="1" LABEL="Bremsmodus 50" TIMEALLDAY="0:08:04" TIMELASTDAY="0:00:00" COUNTALLDAY="5" COUNTLASTDAY="0"/><OPERATION MODE="2" LABEL="Bremsmodus 51" TIMEALLDAY="889:44:26" TIMELASTDAY="0:00:00" COUNTALLDAY="5077" COUNTLASTDAY="0"/><OPERATION MODE="3" LABEL="Bremsmodus 199" TIMEALLDAY="380:07:25" TIMELASTDAY="0:00:00" COUNTALLDAY="1804" COUNTLASTDAY="0"/><OPERATION MODE="4" LABEL="Bremsmodus 200" TIMEALLDAY="1595:06:02" TIMELASTDAY="0:00:00" COUNTALLDAY="2051" COUNTLASTDAY="0"/><OPERATION MODE="5" LABEL="Bremsmodus 210" TIMEALLDAY="0:00:00" TIMELASTDAY="0:00:00" COUNTALLDAY="0" COUNTLASTDAY="0"/><OPERATION MODE="6" LABEL="Vorwaermmodus" TIMEALLDAY="0:00:08" TIMELASTDAY="0:00:00" COUNTALLDAY="3" COUNTLASTDAY="0"/><OPERATION MODE="7" LABEL="Systemtest 1" TIMEALLDAY="0:18:38" TIMELASTDAY="0:00:00" COUNTALLDAY="1157" COUNTLASTDAY="0"/><OPERATION MODE="8" LABEL="Systemtest 2" TIMEALLDAY="1:32:39" TIMELASTDAY="0:00:00" COUNTALLDAY="1131" COUNTLASTDAY="0"/><OPERATION MODE="9" LABEL="Systemtest 4" TIMEALLDAY="7:37:22" TIMELASTDAY="0:00:00" COUNTALLDAY="156" COUNTLASTDAY="0"/><OPERATION MODE="10" LABEL="Systemtest 5" TIMEALLDAY="7:09:49" TIMELASTDAY="0:00:00" COUNTALLDAY="140" COUNTLASTDAY="0"/><OPERATION MODE="11" LABEL="Systemtest 6" TIMEALLDAY="7:28:03" TIMELASTDAY="0:00:00" COUNTALLDAY="139" COUNTLASTDAY="0"/><OPERATION MODE="12" LABEL="Systemtest 3" TIMEALLDAY="0:00:00" TIMELASTDAY="0:00:00" COUNTALLDAY="27" COUNTLASTDAY="0"/><OPERATION MODE="13" LABEL="Trudelbetrieb Turmresonanz" TIMEALLDAY="1346:43:32" TIMELASTDAY="0:51:06" COUNTALLDAY="11713" COUNTLASTDAY="8"/><OPERATION MODE="14" LABEL="Automatikstart" TIMEALLDAY="25348:30:54" TIMELASTDAY="12:05:04" COUNTALLDAY="11378" COUNTLASTDAY="6"/><OPERATION MODE="15" LABEL="Trudelbetrieb" TIMEALLDAY="4330:00:54" TIMELASTDAY="3:03:40" COUNTALLDAY="46170" COUNTLASTDAY="34"/><OPERATION MODE="16" LABEL="Synchronisation" TIMEALLDAY="11:36:18" TIMELASTDAY="0:00:00" COUNTALLDAY="1662" COUNTLASTDAY="0"/><OPERATION MODE="17" LABEL="Zuschaltung Generator" TIMEALLDAY="0:00:00" TIMELASTDAY="0:00:00" COUNTALLDAY="4567" COUNTLASTDAY="5"/><OPERATION MODE="18" LABEL="Bremsmodus 30" TIMEALLDAY="0:21:26" TIMELASTDAY="0:00:00" COUNTALLDAY="35" COUNTLASTDAY="0"/><OPERATION MODE="19" LABEL="Hochlauf im Parallelbetrieb" TIMEALLDAY="442:29:42" TIMELASTDAY="0:19:15" COUNTALLDAY="31823" COUNTLASTDAY="23"/><OPERATION MODE="20" LABEL="Regelbetrieb Stufe 1" TIMEALLDAY="0:00:00" TIMELASTDAY="0:00:00" COUNTALLDAY="0" COUNTLASTDAY="0"/><OPERATION MODE="21" LABEL="Regelbetrieb" TIMEALLDAY="66313:21:06" TIMELASTDAY="7:34:16" COUNTALLDAY="31468" COUNTLASTDAY="23"/><OPERATION MODE="22" LABEL="Autom. Funktionspruefung" TIMEALLDAY="20:34:31" TIMELASTDAY="0:00:00" COUNTALLDAY="29" COUNTLASTDAY="0"/></STATISTIC></TRACE>