<TRACE LABEL="10min Log"><STATISTIC TIME="01.06.2025 23:45:00,440" DATE="01.06.2025"><PRODUCTION INVERTER="GMODE1" KWH_OVERALL="0.0" KWH_LastDay="0.0"/><PRODUCTION INVERTER="GMODE2" KWH_OVERALL="30741459.066" KWH_LastDay="506.253"/><CONSUM KWH_OVERALL="29330.055" KWH_LastDay="8.000"/><REACTIVEPOWER SIGNP="PLUS" SIGNQ="PLUS" KVAH_OVERALL="207515.093" KVAH_LastDay="0.0"/><REACTIVEPOWER SIGNP="PLUS" SIGNQ="MINUS" KVAH_OVERALL="0.0" KVAH_LastDay="0.0"/><REACTIVEPOWER SIGNP="MINUS" SIGNQ="PLUS" KVAH_OVERALL="549.125" KVAH_LastDay="0.0"/><REACTIVEPOWER SIGNP="MINUS" SIGNQ="MINUS" KVAH_OVERALL="0.0" KVAH_LastDay="0.0"/><GRID_OK TIMEALLDAY="36762:15:44" TIMELASTDAY="23:44:53" COUNTALLDAY="0" COUNTLASTDAY="0"/><OPERATION MODE="1" LABEL="Bremsmodus 50" TIMEALLDAY="0:53:41" TIMELASTDAY="0:00:00" COUNTALLDAY="14" COUNTLASTDAY="0"/><OPERATION MODE="2" LABEL="Bremsmodus 51" TIMEALLDAY="453:28:13" TIMELASTDAY="0:00:29" COUNTALLDAY="1738" COUNTLASTDAY="1"/><OPERATION MODE="3" LABEL="Bremsmodus 199" TIMEALLDAY="255:29:11" TIMELASTDAY="0:00:00" COUNTALLDAY="750" COUNTLASTDAY="0"/><OPERATION MODE="4" LABEL="Bremsmodus 200" TIMEALLDAY="1180:06:22" TIMELASTDAY="0:00:00" COUNTALLDAY="1027" COUNTLASTDAY="0"/><OPERATION MODE="5" LABEL="Bremsmodus 210" TIMEALLDAY="0:00:00" TIMELASTDAY="0:00:00" COUNTALLDAY="0" COUNTLASTDAY="0"/><OPERATION MODE="6" LABEL="Vorwaermmodus" TIMEALLDAY="0:00:06" TIMELASTDAY="0:00:00" COUNTALLDAY="1" COUNTLASTDAY="0"/><OPERATION MODE="7" LABEL="Systemtest 1" TIMEALLDAY="0:08:29" TIMELASTDAY="0:00:00" COUNTALLDAY="534" COUNTLASTDAY="0"/><OPERATION MODE="8" LABEL="Systemtest 2" TIMEALLDAY="0:43:29" TIMELASTDAY="0:00:00" COUNTALLDAY="524" COUNTLASTDAY="0"/><OPERATION MODE="9" LABEL="Systemtest 4" TIMEALLDAY="3:10:45" TIMELASTDAY="0:00:00" COUNTALLDAY="66" COUNTLASTDAY="0"/><OPERATION MODE="10" LABEL="Systemtest 5" TIMEALLDAY="2:17:29" TIMELASTDAY="0:00:00" COUNTALLDAY="53" COUNTLASTDAY="0"/><OPERATION MODE="11" LABEL="Systemtest 6" TIMEALLDAY="2:22:23" TIMELASTDAY="0:00:00" COUNTALLDAY="53" COUNTLASTDAY="0"/><OPERATION MODE="12" LABEL="Systemtest 3" TIMEALLDAY="0:00:00" TIMELASTDAY="0:00:00" COUNTALLDAY="10" COUNTLASTDAY="0"/><OPERATION MODE="13" LABEL="Trudelbetrieb Turmresonanz" TIMEALLDAY="779:37:35" TIMELASTDAY="0:39:06" COUNTALLDAY="6668" COUNTLASTDAY="5"/><OPERATION MODE="14" LABEL="Automatikstart" TIMEALLDAY="13232:47:18" TIMELASTDAY="18:01:10" COUNTALLDAY="5740" COUNTLASTDAY="3"/><OPERATION MODE="15" LABEL="Trudelbetrieb" TIMEALLDAY="2557:22:04" TIMELASTDAY="0:43:36" COUNTALLDAY="25984" COUNTLASTDAY="7"/><OPERATION MODE="16" LABEL="Synchronisation" TIMEALLDAY="0:00:00" TIMELASTDAY="0:00:00" COUNTALLDAY="921" COUNTLASTDAY="0"/><OPERATION MODE="17" LABEL="Zuschaltung Generator" TIMEALLDAY="0:00:00" TIMELASTDAY="0:00:00" COUNTALLDAY="2802" COUNTLASTDAY="0"/><OPERATION MODE="18" LABEL="Bremsmodus 30" TIMEALLDAY="0:05:59" TIMELASTDAY="0:00:00" COUNTALLDAY="883162630" COUNTLASTDAY="0"/><OPERATION MODE="19" LABEL="Hochlauf im Parallelbetrieb" TIMEALLDAY="254:49:38" TIMELASTDAY="0:01:38" COUNTALLDAY="12608" COUNTLASTDAY="2"/><OPERATION MODE="20" LABEL="Regelbetrieb Stufe 1" TIMEALLDAY="0:00:00" TIMELASTDAY="0:00:00" COUNTALLDAY="5697" COUNTLASTDAY="0"/><OPERATION MODE="21" LABEL="Regelbetrieb" TIMEALLDAY="35213:45:45" TIMELASTDAY="4:18:45" COUNTALLDAY="12459" COUNTLASTDAY="2"/><OPERATION MODE="22" LABEL="Autom. Funktionspruefung" TIMEALLDAY="0:00:00" TIMELASTDAY="0:00:00" COUNTALLDAY="5623" COUNTLASTDAY="0"/></STATISTIC></TRACE>