<TRACE LABEL="10min Log"><STATISTIC TIME="02.06.2025 23:45:00,571" DATE="02.06.2025"><PRODUCTION INVERTER="GMODE1" KWH_OVERALL="0.0" KWH_LastDay="0.0"/><PRODUCTION INVERTER="GMODE2" KWH_OVERALL="30741978.269" KWH_LastDay="519.202"/><CONSUM KWH_OVERALL="29355.056" KWH_LastDay="25.001"/><REACTIVEPOWER SIGNP="PLUS" SIGNQ="PLUS" KVAH_OVERALL="207515.093" KVAH_LastDay="0.0"/><REACTIVEPOWER SIGNP="PLUS" SIGNQ="MINUS" KVAH_OVERALL="0.0" KVAH_LastDay="0.0"/><REACTIVEPOWER SIGNP="MINUS" SIGNQ="PLUS" KVAH_OVERALL="550.125" KVAH_LastDay="1.000"/><REACTIVEPOWER SIGNP="MINUS" SIGNQ="MINUS" KVAH_OVERALL="0.0" KVAH_LastDay="0.0"/><GRID_OK TIMEALLDAY="36786:15:37" TIMELASTDAY="23:44:53" COUNTALLDAY="0" COUNTLASTDAY="0"/><OPERATION MODE="1" LABEL="Bremsmodus 50" TIMEALLDAY="0:53:41" TIMELASTDAY="0:00:00" COUNTALLDAY="14" COUNTLASTDAY="0"/><OPERATION MODE="2" LABEL="Bremsmodus 51" TIMEALLDAY="454:21:26" TIMELASTDAY="0:53:13" COUNTALLDAY="1741" COUNTLASTDAY="3"/><OPERATION MODE="3" LABEL="Bremsmodus 199" TIMEALLDAY="255:29:36" TIMELASTDAY="0:00:25" COUNTALLDAY="751" COUNTLASTDAY="1"/><OPERATION MODE="4" LABEL="Bremsmodus 200" TIMEALLDAY="1181:10:08" TIMELASTDAY="1:03:46" COUNTALLDAY="1028" COUNTLASTDAY="1"/><OPERATION MODE="5" LABEL="Bremsmodus 210" TIMEALLDAY="0:00:00" TIMELASTDAY="0:00:00" COUNTALLDAY="0" COUNTLASTDAY="0"/><OPERATION MODE="6" LABEL="Vorwaermmodus" TIMEALLDAY="0:00:06" TIMELASTDAY="0:00:00" COUNTALLDAY="1" COUNTLASTDAY="0"/><OPERATION MODE="7" LABEL="Systemtest 1" TIMEALLDAY="0:08:29" TIMELASTDAY="0:00:00" COUNTALLDAY="535" COUNTLASTDAY="1"/><OPERATION MODE="8" LABEL="Systemtest 2" TIMEALLDAY="0:43:34" TIMELASTDAY="0:00:05" COUNTALLDAY="525" COUNTLASTDAY="1"/><OPERATION MODE="9" LABEL="Systemtest 4" TIMEALLDAY="3:10:45" TIMELASTDAY="0:00:00" COUNTALLDAY="66" COUNTLASTDAY="0"/><OPERATION MODE="10" LABEL="Systemtest 5" TIMEALLDAY="2:17:29" TIMELASTDAY="0:00:00" COUNTALLDAY="53" COUNTLASTDAY="0"/><OPERATION MODE="11" LABEL="Systemtest 6" TIMEALLDAY="2:22:23" TIMELASTDAY="0:00:00" COUNTALLDAY="53" COUNTLASTDAY="0"/><OPERATION MODE="12" LABEL="Systemtest 3" TIMEALLDAY="0:00:00" TIMELASTDAY="0:00:00" COUNTALLDAY="10" COUNTLASTDAY="0"/><OPERATION MODE="13" LABEL="Trudelbetrieb Turmresonanz" TIMEALLDAY="780:25:05" TIMELASTDAY="0:47:30" COUNTALLDAY="6675" COUNTLASTDAY="7"/><OPERATION MODE="14" LABEL="Automatikstart" TIMEALLDAY="13243:36:12" TIMELASTDAY="10:33:54" COUNTALLDAY="5748" COUNTLASTDAY="8"/><OPERATION MODE="15" LABEL="Trudelbetrieb" TIMEALLDAY="2560:02:27" TIMELASTDAY="2:40:23" COUNTALLDAY="26010" COUNTLASTDAY="26"/><OPERATION MODE="16" LABEL="Synchronisation" TIMEALLDAY="0:00:00" TIMELASTDAY="0:00:00" COUNTALLDAY="923" COUNTLASTDAY="2"/><OPERATION MODE="17" LABEL="Zuschaltung Generator" TIMEALLDAY="0:00:00" TIMELASTDAY="0:00:00" COUNTALLDAY="2802" COUNTLASTDAY="0"/><OPERATION MODE="18" LABEL="Bremsmodus 30" TIMEALLDAY="0:05:59" TIMELASTDAY="0:00:00" COUNTALLDAY="883162630" COUNTLASTDAY="0"/><OPERATION MODE="19" LABEL="Hochlauf im Parallelbetrieb" TIMEALLDAY="255:03:52" TIMELASTDAY="0:14:14" COUNTALLDAY="12625" COUNTLASTDAY="17"/><OPERATION MODE="20" LABEL="Regelbetrieb Stufe 1" TIMEALLDAY="0:00:00" TIMELASTDAY="0:00:00" COUNTALLDAY="5697" COUNTLASTDAY="0"/><OPERATION MODE="21" LABEL="Regelbetrieb" TIMEALLDAY="35221:16:39" TIMELASTDAY="7:30:54" COUNTALLDAY="12476" COUNTLASTDAY="17"/><OPERATION MODE="22" LABEL="Autom. Funktionspruefung" TIMEALLDAY="0:00:00" TIMELASTDAY="0:00:00" COUNTALLDAY="5623" COUNTLASTDAY="0"/></STATISTIC></TRACE>