<TRACE LABEL="10min Log"><STATISTIC TIME="03.06.2025 23:45:00,491" DATE="03.06.2025"><PRODUCTION INVERTER="GMODE1" KWH_OVERALL="0.0" KWH_LastDay="0.0"/><PRODUCTION INVERTER="GMODE2" KWH_OVERALL="30751907.199" KWH_LastDay="9928.931"/><CONSUM KWH_OVERALL="29363.057" KWH_LastDay="8.000"/><REACTIVEPOWER SIGNP="PLUS" SIGNQ="PLUS" KVAH_OVERALL="207594.097" KVAH_LastDay="79.004"/><REACTIVEPOWER SIGNP="PLUS" SIGNQ="MINUS" KVAH_OVERALL="0.0" KVAH_LastDay="0.0"/><REACTIVEPOWER SIGNP="MINUS" SIGNQ="PLUS" KVAH_OVERALL="550.125" KVAH_LastDay="0.0"/><REACTIVEPOWER SIGNP="MINUS" SIGNQ="MINUS" KVAH_OVERALL="0.0" KVAH_LastDay="0.0"/><GRID_OK TIMEALLDAY="36810:15:30" TIMELASTDAY="23:44:51" COUNTALLDAY="0" COUNTLASTDAY="0"/><OPERATION MODE="1" LABEL="Bremsmodus 50" TIMEALLDAY="0:53:41" TIMELASTDAY="0:00:00" COUNTALLDAY="14" COUNTLASTDAY="0"/><OPERATION MODE="2" LABEL="Bremsmodus 51" TIMEALLDAY="457:02:47" TIMELASTDAY="2:41:21" COUNTALLDAY="1742" COUNTLASTDAY="1"/><OPERATION MODE="3" LABEL="Bremsmodus 199" TIMEALLDAY="255:29:36" TIMELASTDAY="0:00:00" COUNTALLDAY="751" COUNTLASTDAY="0"/><OPERATION MODE="4" LABEL="Bremsmodus 200" TIMEALLDAY="1181:10:08" TIMELASTDAY="0:00:00" COUNTALLDAY="1028" COUNTLASTDAY="0"/><OPERATION MODE="5" LABEL="Bremsmodus 210" TIMEALLDAY="0:00:00" TIMELASTDAY="0:00:00" COUNTALLDAY="0" COUNTLASTDAY="0"/><OPERATION MODE="6" LABEL="Vorwaermmodus" TIMEALLDAY="0:00:06" TIMELASTDAY="0:00:00" COUNTALLDAY="1" COUNTLASTDAY="0"/><OPERATION MODE="7" LABEL="Systemtest 1" TIMEALLDAY="0:08:29" TIMELASTDAY="0:00:00" COUNTALLDAY="535" COUNTLASTDAY="0"/><OPERATION MODE="8" LABEL="Systemtest 2" TIMEALLDAY="0:43:34" TIMELASTDAY="0:00:00" COUNTALLDAY="525" COUNTLASTDAY="0"/><OPERATION MODE="9" LABEL="Systemtest 4" TIMEALLDAY="3:10:45" TIMELASTDAY="0:00:00" COUNTALLDAY="66" COUNTLASTDAY="0"/><OPERATION MODE="10" LABEL="Systemtest 5" TIMEALLDAY="2:17:29" TIMELASTDAY="0:00:00" COUNTALLDAY="53" COUNTLASTDAY="0"/><OPERATION MODE="11" LABEL="Systemtest 6" TIMEALLDAY="2:22:23" TIMELASTDAY="0:00:00" COUNTALLDAY="53" COUNTLASTDAY="0"/><OPERATION MODE="12" LABEL="Systemtest 3" TIMEALLDAY="0:00:00" TIMELASTDAY="0:00:00" COUNTALLDAY="10" COUNTLASTDAY="0"/><OPERATION MODE="13" LABEL="Trudelbetrieb Turmresonanz" TIMEALLDAY="780:37:35" TIMELASTDAY="0:12:30" COUNTALLDAY="6677" COUNTLASTDAY="2"/><OPERATION MODE="14" LABEL="Automatikstart" TIMEALLDAY="13245:40:34" TIMELASTDAY="1:49:22" COUNTALLDAY="5751" COUNTLASTDAY="3"/><OPERATION MODE="15" LABEL="Trudelbetrieb" TIMEALLDAY="2561:04:58" TIMELASTDAY="1:02:31" COUNTALLDAY="26019" COUNTLASTDAY="9"/><OPERATION MODE="16" LABEL="Synchronisation" TIMEALLDAY="0:00:00" TIMELASTDAY="0:00:00" COUNTALLDAY="923" COUNTLASTDAY="0"/><OPERATION MODE="17" LABEL="Zuschaltung Generator" TIMEALLDAY="0:00:00" TIMELASTDAY="0:00:00" COUNTALLDAY="2803" COUNTLASTDAY="1"/><OPERATION MODE="18" LABEL="Bremsmodus 30" TIMEALLDAY="0:05:59" TIMELASTDAY="0:00:00" COUNTALLDAY="883162630" COUNTLASTDAY="0"/><OPERATION MODE="19" LABEL="Hochlauf im Parallelbetrieb" TIMEALLDAY="255:08:56" TIMELASTDAY="0:05:04" COUNTALLDAY="12631" COUNTLASTDAY="6"/><OPERATION MODE="20" LABEL="Regelbetrieb Stufe 1" TIMEALLDAY="0:00:00" TIMELASTDAY="0:00:00" COUNTALLDAY="5697" COUNTLASTDAY="0"/><OPERATION MODE="21" LABEL="Regelbetrieb" TIMEALLDAY="35239:10:37" TIMELASTDAY="17:53:58" COUNTALLDAY="12482" COUNTLASTDAY="6"/><OPERATION MODE="22" LABEL="Autom. Funktionspruefung" TIMEALLDAY="0:00:00" TIMELASTDAY="0:00:00" COUNTALLDAY="5623" COUNTLASTDAY="0"/></STATISTIC></TRACE>