<TRACE LABEL="10min Log"><STATISTIC TIME="01.06.2025 23:54:00,412" DATE="01.06.2025"><PRODUCTION INVERTER="GMODE1" KWH_OVERALL="0.0" KWH_LastDay="0.0"/><PRODUCTION INVERTER="GMODE2" KWH_OVERALL="13015090.895" KWH_LastDay="469.190"/><CONSUM KWH_OVERALL="12290.370" KWH_LastDay="14.001"/><REACTIVEPOWER SIGNP="PLUS" SIGNQ="PLUS" KVAH_OVERALL="107716.761" KVAH_LastDay="4.000"/><REACTIVEPOWER SIGNP="PLUS" SIGNQ="MINUS" KVAH_OVERALL="0.0" KVAH_LastDay="0.0"/><REACTIVEPOWER SIGNP="MINUS" SIGNQ="PLUS" KVAH_OVERALL="155.046" KVAH_LastDay="0.0"/><REACTIVEPOWER SIGNP="MINUS" SIGNQ="MINUS" KVAH_OVERALL="0.0" KVAH_LastDay="0.0"/><GRID_OK TIMEALLDAY="36028:50:54" TIMELASTDAY="23:07:35" COUNTALLDAY="0" COUNTLASTDAY="0"/><OPERATION MODE="1" LABEL="Bremsmodus 50" TIMEALLDAY="0:02:00" TIMELASTDAY="0:00:00" COUNTALLDAY="1" COUNTLASTDAY="0"/><OPERATION MODE="2" LABEL="Bremsmodus 51" TIMEALLDAY="230:48:07" TIMELASTDAY="0:00:00" COUNTALLDAY="1202" COUNTLASTDAY="0"/><OPERATION MODE="3" LABEL="Bremsmodus 199" TIMEALLDAY="99:02:28" TIMELASTDAY="0:00:00" COUNTALLDAY="571" COUNTLASTDAY="0"/><OPERATION MODE="4" LABEL="Bremsmodus 200" TIMEALLDAY="631:54:39" TIMELASTDAY="0:00:00" COUNTALLDAY="698" COUNTLASTDAY="0"/><OPERATION MODE="5" LABEL="Bremsmodus 210" TIMEALLDAY="0:00:00" TIMELASTDAY="0:00:00" COUNTALLDAY="0" COUNTLASTDAY="0"/><OPERATION MODE="6" LABEL="Vorwaermmodus" TIMEALLDAY="0:00:00" TIMELASTDAY="0:00:00" COUNTALLDAY="0" COUNTLASTDAY="0"/><OPERATION MODE="7" LABEL="Systemtest 1" TIMEALLDAY="0:07:26" TIMELASTDAY="0:00:00" COUNTALLDAY="444" COUNTLASTDAY="0"/><OPERATION MODE="8" LABEL="Systemtest 2" TIMEALLDAY="0:36:26" TIMELASTDAY="0:00:00" COUNTALLDAY="443" COUNTLASTDAY="0"/><OPERATION MODE="9" LABEL="Systemtest 4" TIMEALLDAY="2:01:28" TIMELASTDAY="0:00:00" COUNTALLDAY="48" COUNTLASTDAY="0"/><OPERATION MODE="10" LABEL="Systemtest 5" TIMEALLDAY="2:10:48" TIMELASTDAY="0:00:00" COUNTALLDAY="46" COUNTLASTDAY="0"/><OPERATION MODE="11" LABEL="Systemtest 6" TIMEALLDAY="1:57:23" TIMELASTDAY="0:00:00" COUNTALLDAY="46" COUNTLASTDAY="0"/><OPERATION MODE="12" LABEL="Systemtest 3" TIMEALLDAY="0:00:00" TIMELASTDAY="0:00:00" COUNTALLDAY="6" COUNTLASTDAY="0"/><OPERATION MODE="13" LABEL="Trudelbetrieb Turmresonanz" TIMEALLDAY="531:31:21" TIMELASTDAY="0:37:13" COUNTALLDAY="4503" COUNTLASTDAY="5"/><OPERATION MODE="14" LABEL="Automatikstart" TIMEALLDAY="9024:05:03" TIMELASTDAY="15:50:18" COUNTALLDAY="3994" COUNTLASTDAY="3"/><OPERATION MODE="15" LABEL="Trudelbetrieb" TIMEALLDAY="1564:30:13" TIMELASTDAY="1:47:18" COUNTALLDAY="14937" COUNTLASTDAY="12"/><OPERATION MODE="16" LABEL="Synchronisation" TIMEALLDAY="0:00:00" TIMELASTDAY="0:00:00" COUNTALLDAY="475" COUNTLASTDAY="1"/><OPERATION MODE="17" LABEL="Zuschaltung Generator" TIMEALLDAY="0:00:00" TIMELASTDAY="0:00:00" COUNTALLDAY="1441" COUNTLASTDAY="0"/><OPERATION MODE="18" LABEL="Bremsmodus 30" TIMEALLDAY="0:03:20" TIMELASTDAY="0:00:00" COUNTALLDAY="5" COUNTLASTDAY="0"/><OPERATION MODE="19" LABEL="Hochlauf im Parallelbetrieb" TIMEALLDAY="135:40:46" TIMELASTDAY="0:05:00" COUNTALLDAY="9723" COUNTLASTDAY="6"/><OPERATION MODE="20" LABEL="Regelbetrieb Stufe 1" TIMEALLDAY="0:00:00" TIMELASTDAY="0:00:00" COUNTALLDAY="0" COUNTLASTDAY="0"/><OPERATION MODE="21" LABEL="Regelbetrieb" TIMEALLDAY="23971:25:37" TIMELASTDAY="4:47:33" COUNTALLDAY="9700" COUNTLASTDAY="6"/><OPERATION MODE="22" LABEL="Autom. Funktionspruefung" TIMEALLDAY="19:12:17" TIMELASTDAY="0:00:00" COUNTALLDAY="2" COUNTLASTDAY="0"/></STATISTIC></TRACE>