<TRACE LABEL="10min Log"><STATISTIC TIME="02.06.2025 23:45:00,425" DATE="02.06.2025"><PRODUCTION INVERTER="GMODE1" KWH_OVERALL="0.0" KWH_LastDay="0.0"/><PRODUCTION INVERTER="GMODE2" KWH_OVERALL="38262580.423" KWH_LastDay="497.173"/><CONSUM KWH_OVERALL="36600.482" KWH_LastDay="24.001"/><REACTIVEPOWER SIGNP="PLUS" SIGNQ="PLUS" KVAH_OVERALL="261372.798" KVAH_LastDay="0.0"/><REACTIVEPOWER SIGNP="PLUS" SIGNQ="MINUS" KVAH_OVERALL="0.0" KVAH_LastDay="0.0"/><REACTIVEPOWER SIGNP="MINUS" SIGNQ="PLUS" KVAH_OVERALL="674.121" KVAH_LastDay="0.0"/><REACTIVEPOWER SIGNP="MINUS" SIGNQ="MINUS" KVAH_OVERALL="0.0" KVAH_LastDay="0.0"/><GRID_OK TIMEALLDAY="100110:59:38" TIMELASTDAY="23:44:52" COUNTALLDAY="0" COUNTLASTDAY="0"/><OPERATION MODE="1" LABEL="Bremsmodus 50" TIMEALLDAY="0:28:15" TIMELASTDAY="0:00:00" COUNTALLDAY="16" COUNTLASTDAY="0"/><OPERATION MODE="2" LABEL="Bremsmodus 51" TIMEALLDAY="767:27:43" TIMELASTDAY="0:00:00" COUNTALLDAY="4125" COUNTLASTDAY="0"/><OPERATION MODE="3" LABEL="Bremsmodus 199" TIMEALLDAY="314:37:16" TIMELASTDAY="0:00:00" COUNTALLDAY="1910" COUNTLASTDAY="0"/><OPERATION MODE="4" LABEL="Bremsmodus 200" TIMEALLDAY="1517:27:27" TIMELASTDAY="0:00:00" COUNTALLDAY="2325" COUNTLASTDAY="0"/><OPERATION MODE="5" LABEL="Bremsmodus 210" TIMEALLDAY="0:00:00" TIMELASTDAY="0:00:00" COUNTALLDAY="0" COUNTLASTDAY="0"/><OPERATION MODE="6" LABEL="Vorwaermmodus" TIMEALLDAY="0:03:47" TIMELASTDAY="0:00:00" COUNTALLDAY="6" COUNTLASTDAY="0"/><OPERATION MODE="7" LABEL="Systemtest 1" TIMEALLDAY="0:20:18" TIMELASTDAY="0:00:00" COUNTALLDAY="1261" COUNTLASTDAY="0"/><OPERATION MODE="8" LABEL="Systemtest 2" TIMEALLDAY="1:41:15" TIMELASTDAY="0:00:00" COUNTALLDAY="1251" COUNTLASTDAY="0"/><OPERATION MODE="9" LABEL="Systemtest 4" TIMEALLDAY="13:00:59" TIMELASTDAY="0:00:00" COUNTALLDAY="313" COUNTLASTDAY="0"/><OPERATION MODE="10" LABEL="Systemtest 5" TIMEALLDAY="10:48:18" TIMELASTDAY="0:00:00" COUNTALLDAY="249" COUNTLASTDAY="0"/><OPERATION MODE="11" LABEL="Systemtest 6" TIMEALLDAY="10:20:19" TIMELASTDAY="0:00:00" COUNTALLDAY="247" COUNTLASTDAY="0"/><OPERATION MODE="12" LABEL="Systemtest 3" TIMEALLDAY="0:00:00" TIMELASTDAY="0:00:00" COUNTALLDAY="20" COUNTLASTDAY="0"/><OPERATION MODE="13" LABEL="Trudelbetrieb Turmresonanz" TIMEALLDAY="1237:43:43" TIMELASTDAY="0:55:13" COUNTALLDAY="10545" COUNTLASTDAY="8"/><OPERATION MODE="14" LABEL="Automatikstart" TIMEALLDAY="24431:40:43" TIMELASTDAY="12:07:45" COUNTALLDAY="10231" COUNTLASTDAY="6"/><OPERATION MODE="15" LABEL="Trudelbetrieb" TIMEALLDAY="4542:28:08" TIMELASTDAY="2:36:01" COUNTALLDAY="43755" COUNTLASTDAY="29"/><OPERATION MODE="16" LABEL="Synchronisation" TIMEALLDAY="0:00:00" TIMELASTDAY="0:00:00" COUNTALLDAY="1605" COUNTLASTDAY="0"/><OPERATION MODE="17" LABEL="Zuschaltung Generator" TIMEALLDAY="0:00:00" TIMELASTDAY="0:00:00" COUNTALLDAY="4412" COUNTLASTDAY="4"/><OPERATION MODE="18" LABEL="Bremsmodus 30" TIMEALLDAY="0:07:23" TIMELASTDAY="0:00:00" COUNTALLDAY="14" COUNTLASTDAY="0"/><OPERATION MODE="19" LABEL="Hochlauf im Parallelbetrieb" TIMEALLDAY="434:22:17" TIMELASTDAY="0:14:55" COUNTALLDAY="31177" COUNTLASTDAY="18"/><OPERATION MODE="20" LABEL="Regelbetrieb Stufe 1" TIMEALLDAY="0:00:00" TIMELASTDAY="0:00:00" COUNTALLDAY="0" COUNTLASTDAY="0"/><OPERATION MODE="21" LABEL="Regelbetrieb" TIMEALLDAY="66938:01:28" TIMELASTDAY="7:50:31" COUNTALLDAY="30825" COUNTLASTDAY="18"/><OPERATION MODE="22" LABEL="Autom. Funktionspruefung" TIMEALLDAY="12:05:39" TIMELASTDAY="0:00:00" COUNTALLDAY="8" COUNTLASTDAY="0"/></STATISTIC></TRACE>