<TRACE LABEL="10min Log"><STATISTIC TIME="01.06.2025 23:54:00,442" DATE="01.06.2025"><PRODUCTION INVERTER="GMODE1" KWH_OVERALL="0.0" KWH_LastDay="0.0"/><PRODUCTION INVERTER="GMODE2" KWH_OVERALL="36731497.344" KWH_LastDay="354.123"/><CONSUM KWH_OVERALL="41797.420" KWH_LastDay="4.000"/><REACTIVEPOWER SIGNP="PLUS" SIGNQ="PLUS" KVAH_OVERALL="146496.943" KVAH_LastDay="0.0"/><REACTIVEPOWER SIGNP="PLUS" SIGNQ="MINUS" KVAH_OVERALL="0.0" KVAH_LastDay="0.0"/><REACTIVEPOWER SIGNP="MINUS" SIGNQ="PLUS" KVAH_OVERALL="314.088" KVAH_LastDay="0.0"/><REACTIVEPOWER SIGNP="MINUS" SIGNQ="MINUS" KVAH_OVERALL="0.0" KVAH_LastDay="0.0"/><GRID_OK TIMEALLDAY="98403:23:49" TIMELASTDAY="23:53:57" COUNTALLDAY="0" COUNTLASTDAY="0"/><OPERATION MODE="1" LABEL="Bremsmodus 50" TIMEALLDAY="0:42:19" TIMELASTDAY="0:00:00" COUNTALLDAY="11" COUNTLASTDAY="0"/><OPERATION MODE="2" LABEL="Bremsmodus 51" TIMEALLDAY="659:17:18" TIMELASTDAY="0:00:00" COUNTALLDAY="4647" COUNTLASTDAY="0"/><OPERATION MODE="3" LABEL="Bremsmodus 199" TIMEALLDAY="229:14:53" TIMELASTDAY="0:00:00" COUNTALLDAY="1377" COUNTLASTDAY="0"/><OPERATION MODE="4" LABEL="Bremsmodus 200" TIMEALLDAY="1416:41:36" TIMELASTDAY="0:00:00" COUNTALLDAY="1939" COUNTLASTDAY="0"/><OPERATION MODE="5" LABEL="Bremsmodus 210" TIMEALLDAY="0:00:00" TIMELASTDAY="0:00:00" COUNTALLDAY="0" COUNTLASTDAY="0"/><OPERATION MODE="6" LABEL="Vorwaermmodus" TIMEALLDAY="0:00:02" TIMELASTDAY="0:00:00" COUNTALLDAY="1" COUNTLASTDAY="0"/><OPERATION MODE="7" LABEL="Systemtest 1" TIMEALLDAY="0:17:07" TIMELASTDAY="0:00:00" COUNTALLDAY="1013" COUNTLASTDAY="0"/><OPERATION MODE="8" LABEL="Systemtest 2" TIMEALLDAY="1:22:18" TIMELASTDAY="0:00:00" COUNTALLDAY="998" COUNTLASTDAY="0"/><OPERATION MODE="9" LABEL="Systemtest 4" TIMEALLDAY="6:36:25" TIMELASTDAY="0:00:00" COUNTALLDAY="147" COUNTLASTDAY="0"/><OPERATION MODE="10" LABEL="Systemtest 5" TIMEALLDAY="6:14:37" TIMELASTDAY="0:00:00" COUNTALLDAY="135" COUNTLASTDAY="0"/><OPERATION MODE="11" LABEL="Systemtest 6" TIMEALLDAY="5:51:09" TIMELASTDAY="0:00:00" COUNTALLDAY="132" COUNTLASTDAY="0"/><OPERATION MODE="12" LABEL="Systemtest 3" TIMEALLDAY="0:00:00" TIMELASTDAY="0:00:00" COUNTALLDAY="23" COUNTLASTDAY="0"/><OPERATION MODE="13" LABEL="Trudelbetrieb Turmresonanz" TIMEALLDAY="1119:46:50" TIMELASTDAY="0:20:00" COUNTALLDAY="9561" COUNTLASTDAY="2"/><OPERATION MODE="14" LABEL="Automatikstart" TIMEALLDAY="21944:04:36" TIMELASTDAY="18:53:06" COUNTALLDAY="10398" COUNTLASTDAY="2"/><OPERATION MODE="15" LABEL="Trudelbetrieb" TIMEALLDAY="4992:19:11" TIMELASTDAY="0:18:31" COUNTALLDAY="45682" COUNTLASTDAY="4"/><OPERATION MODE="16" LABEL="Synchronisation" TIMEALLDAY="0:00:00" TIMELASTDAY="0:00:00" COUNTALLDAY="1740" COUNTLASTDAY="0"/><OPERATION MODE="17" LABEL="Zuschaltung Generator" TIMEALLDAY="0:00:29" TIMELASTDAY="0:00:00" COUNTALLDAY="4676" COUNTLASTDAY="0"/><OPERATION MODE="18" LABEL="Bremsmodus 30" TIMEALLDAY="0:27:29" TIMELASTDAY="0:00:00" COUNTALLDAY="42" COUNTLASTDAY="0"/><OPERATION MODE="19" LABEL="Hochlauf im Parallelbetrieb" TIMEALLDAY="468:10:08" TIMELASTDAY="0:01:37" COUNTALLDAY="33495" COUNTLASTDAY="2"/><OPERATION MODE="20" LABEL="Regelbetrieb Stufe 1" TIMEALLDAY="0:00:00" TIMELASTDAY="0:00:00" COUNTALLDAY="0" COUNTLASTDAY="0"/><OPERATION MODE="21" LABEL="Regelbetrieb" TIMEALLDAY="66150:03:16" TIMELASTDAY="4:20:40" COUNTALLDAY="33019" COUNTLASTDAY="2"/><OPERATION MODE="22" LABEL="Autom. Funktionspruefung" TIMEALLDAY="0:00:00" TIMELASTDAY="0:00:00" COUNTALLDAY="0" COUNTLASTDAY="0"/></STATISTIC></TRACE>